{
  "text": "Sardar Patel Institute of Technology\n‘Bhavan’s Campus, Munshi Nagar, Andheri (West), Mumbal-400088,\nindia (Autonomous CategeAfilsiedo Univer of Mumba)\n\n‘Mid Semester Examination\nOctober 2025\nMax. Marks: 30 Duration: 1Hr.\nClass: T. Y. COMP, CSE. Semester: V\nCourse Code: CE301 , CS301\nSubject: Distributed Computing Date:06/10/2025\n\nTestruction:\n(1) All questions are compulsory\n\n(2) Draw neat diagrams\n\n(6) Ascume suitable data ifmecessary\n\n(4) Mention the question number clearly while writing the answer\n(5) Write answers to new questions on new page\n\n‘Course Outcomes: At the end of the course student will be able\n1. Understand the fundamental concepts and design principles of distributed systems.\n2. Analyze and apply synchronization techniques and algorithms in distributed\n\ncavironments.\n‘3. Evaluate consistency models and replication\nmanagement.\n44. Design and assess distributed filesystems and unders\n'S. Explore emerging trends and technologies in distributed computing.\n\nstrategies for distributed data\n\n[ane\n\n‘Qi. | A amart healthcare system connects hospitals, pharmaci\n‘ambulances, and diagnostic centers using a distributed\nArchitecture. The government must decide between:\n\n4, ACentralized Cliont Server system\n\n2, APoorto-Poor system\n\n3. AMiddteware-based distributed system\nEvaluate each model for:\n\n4. Reliability during emergencies (6\n‘needing patient history)\n\n2. ‘Security of sensitive medical records\n\n3. Performance during simultaneous access by\n‘multiple hospitals:\n\nUse the healthcare analogy in your evaluation (\n\n| records as shared resources, hospitals as nodes,\n\nmiddleware as coordinators). |\n\n~ patient\n\n‘Based on your evaluation, argue which model provides the\n‘best balance for such a healthcare system.\n\n_sustty withthe help of Architect\n\n\n@\n\n‘K global airline system allows passongars, travel agents, and\nairports to communicate for booking tickets, seat allocation, and\nflight updates. Each requestresponse can be seon as a message.\n\nDesign a distributed communication framework for this system\nby:\n\n1, Selecting whether to use Message Passing, RPC, or RMI for\ncore operations (0.9, seat booking, fight status) and justify\nyour choice.\n\n2. Proposing how message persistence and synchronicity\n‘should be managed (e.g, handling delayed confirmations,\n‘ensuring bookings are not lost).\n\n3. Creating a mechanism for buffering and falure handling\n{(@.9. ifthe contral booking server crashos mid-transaction).\n\nProsent your design using the airline analogy (messages\n28 tickets, servers as alrports, middleware as control\ntowers) and explain how your solution ensures reliability\n‘and consistency.\n\nWrite your answer with diagrams and justify with respect\nto scenario.\n\n1\n\n‘ smart hotel systom allows guests to:\n\n4. Order room service via a mobile app (RPC)\n2, Check and update loyalty points using a remote banking\n‘service (RMI)\n\nGiven Data:For RPC (Room Service Ordering):\n+ Pro\n\nration time per dish = 10 minutes\n+ Notwork latoncy por RPC c\n‘+ Marshalinglunmarshaling overhe:\n+ Guest orders 3 dishes\n\nFor RM (Loyalty Points Service):\n+ Time to execute checkPoints()= 2 seconds\n\n2 minutos (round trip)\n\n+ Time to execute updatePoints() = 6 seconds\n‘+ RMI network overhead = 4\n\ncond per call,\n‘+ Sossion initialization = 2 seconds\n‘+ Guest performs 2 balance checks and 1 update\nPart A—RPC (5 marks)\n\n1. Calculate the total time to receive all dishes if RPC calls,\n‘are sent sequentially\n\n2. Calculate the total time if RPC calls are sent in parallel,\nPart B — RMI (5 marks)\n1. Calculate the total time for all RMI operations sequent:\n\n2. Suggest a way to optimize RMI calls to reduce total ime\nand calculate the improved time.\n\n",
  "detected_scanned": true,
  "primary_mode": "tesseract",
  "notes": "OCR completed on 2 pages (parallel mode)",
  "raw_text": "Sardar Patel Institute of Technology\n‘Bhavan’s Campus, Munshi Nagar, Andheri (West), Mumbal-400088,\nindia (Autonomous CategeAfilsiedo Univer of Mumba)\n\n‘Mid Semester Examination\nOctober 2025\nMax. Marks: 30 Duration: 1Hr.\nClass: T. Y. COMP, CSE. Semester: V\nCourse Code: CE301 , CS301\nSubject: Distributed Computing Date:06/10/2025\n\nTestruction:\n(1) All questions are compulsory\n\n(2) Draw neat diagrams\n\n(6) Ascume suitable data ifmecessary\n\n(4) Mention the question number clearly while writing the answer\n(5) Write answers to new questions on new page\n\n‘Course Outcomes: At the end of the course student will be able\n1. Understand the fundamental concepts and design principles of distributed systems.\n2. Analyze and apply synchronization techniques and algorithms in distributed\n\ncavironments.\n‘3. Evaluate consistency models and replication\nmanagement.\n44. Design and assess distributed filesystems and unders\n'S. Explore emerging trends and technologies in distributed computing.\n\nstrategies for distributed data\n\n[ane\n\n‘Qi. | A amart healthcare system connects hospitals, pharmaci\n‘ambulances, and diagnostic centers using a distributed\nArchitecture. The government must decide between:\n\n4, ACentralized Cliont Server system\n\n2, APoorto-Poor system\n\n3. AMiddteware-based distributed system\nEvaluate each model for:\n\n4. Reliability during emergencies (6\n‘needing patient history)\n\n2. ‘Security of sensitive medical records\n\n3. Performance during simultaneous access by\n‘multiple hospitals:\n\nUse the healthcare analogy in your evaluation (\n\n| records as shared resources, hospitals as nodes,\n\nmiddleware as coordinators). |\n\n~ patient\n\n‘Based on your evaluation, argue which model provides the\n‘best balance for such a healthcare system.\n\n_sustty withthe help of Architect\n\n\n@\n\n‘K global airline system allows passongars, travel agents, and\nairports to communicate for booking tickets, seat allocation, and\nflight updates. Each requestresponse can be seon as a message.\n\nDesign a distributed communication framework for this system\nby:\n\n1, Selecting whether to use Message Passing, RPC, or RMI for\ncore operations (0.9, seat booking, fight status) and justify\nyour choice.\n\n2. Proposing how message persistence and synchronicity\n‘should be managed (e.g, handling delayed confirmations,\n‘ensuring bookings are not lost).\n\n3. Creating a mechanism for buffering and falure handling\n{(@.9. ifthe contral booking server crashos mid-transaction).\n\nProsent your design using the airline analogy (messages\n28 tickets, servers as alrports, middleware as control\ntowers) and explain how your solution ensures reliability\n‘and consistency.\n\nWrite your answer with diagrams and justify with respect\nto scenario.\n\n1\n\n‘ smart hotel systom allows guests to:\n\n4. Order room service via a mobile app (RPC)\n2, Check and update loyalty points using a remote banking\n‘service (RMI)\n\nGiven Data:For RPC (Room Service Ordering):\n+ Pro\n\nration time per dish = 10 minutes\n+ Notwork latoncy por RPC c\n‘+ Marshalinglunmarshaling overhe:\n+ Guest orders 3 dishes\n\nFor RM (Loyalty Points Service):\n+ Time to execute checkPoints()= 2 seconds\n\n2 minutos (round trip)\n\n+ Time to execute updatePoints() = 6 seconds\n‘+ RMI network overhead = 4\n\ncond per call,\n‘+ Sossion initialization = 2 seconds\n‘+ Guest performs 2 balance checks and 1 update\nPart A—RPC (5 marks)\n\n1. Calculate the total time to receive all dishes if RPC calls,\n‘are sent sequentially\n\n2. Calculate the total time if RPC calls are sent in parallel,\nPart B — RMI (5 marks)\n1. Calculate the total time for all RMI operations sequent:\n\n2. Suggest a way to optimize RMI calls to reduce total ime\nand calculate the improved time.\n\n",
  "postprocessed_text": "Sardar Patel Institute of Technology ‘Bhavan’s Campus, Munshi Nagar, Andheri (West), Mumbal-400088, india (Autonomous CategeAfilsiedo Univer of Mumba) ‘Mid Semester Examination October 2025 Max. Marks: 30 Duration: 1Hr. Class: T. Y. COMP, CSE. Semester: V Course Code: CE301 , CS301 Subject: Distributed Computing Date:06/10/2025 Testruction: (1) All questions are compulsory (2) Draw neat diagrams (6) Ascume suitable data ifmecessary (4) Mention the question number clearly while writing the answer (5) Write answers to new questions on new page ‘Course Outcomes: At the end of the course student will be able 1. Understand the fundamental concepts and design principles of distributed systems. 2. Analyze and apply synchronization techniques and algorithms in distributed cavironments. ‘3. Evaluate consistency models and replication management. 44. Design and assess distributed filesystems and unders 'S. Explore emerging trends and technologies in distributed computing. strategies for distributed data [ane ‘Qi. | A amart healthcare system connects hospitals, pharmaci ‘ambulances, and diagnostic centers using a distributed Architecture. The government must decide between: 4, ACentralized Cliont Server system 2, APoorto-Poor system 3. AMiddteware-based distributed system Evaluate each model for: 4. Reliability during emergencies (6 ‘needing patient history) 2. ‘Security of sensitive medical records 3. Performance during simultaneous access by ‘multiple hospitals: Use the healthcare analogy in your evaluation ( | records as shared resources, hospitals as nodes, middleware as coordinators). | ~ patient ‘Based on your evaluation, argue which model provides the ‘best balance for such a healthcare system. _sustty withthe help of Architect @ ‘K global airline system allows passongars, travel agents, and airports to communicate for booking tickets, seat allocation, and flight updates. Each requestresponse can be seon as a message. Design a distributed communication framework for this system by: 1, Selecting whether to use Message Passing, RPC, or RMI for core operations (0.9, seat booking, fight status) and justify your choice. 2. Proposing how message persistence and synchronicity ‘should be managed (e.g, handling delayed confirmations, ‘ensuring bookings are not lost). 3. Creating a mechanism for buffering and falure handling {(@.9. ifthe contral booking server crashos mid-transaction). Prosent your design using the airline analogy (messages 28 tickets, servers as alrports, middleware as control towers) and explain how your solution ensures reliability ‘and consistency. Write your answer with diagrams and justify with respect to scenario. 1 ‘ smart hotel systom allows guests to: 4. Order room service via a mobile app (RPC) 2, Check and update loyalty points using a remote banking ‘service (RMI) Given Data:For RPC (Room Service Ordering): + Pro ration time per dish = 10 minutes + Notwork latoncy por RPC c ‘+ Marshalinglunmarshaling overhe: + Guest orders 3 dishes For RM (Loyalty Points Service): + Time to execute checkPoints()= 2 seconds 2 minutos (round trip) + Time to execute updatePoints() = 6 seconds ‘+ RMI network overhead = 4 cond per call, ‘+ Sossion initialization = 2 seconds ‘+ Guest performs 2 balance checks and 1 update Part A—RPC (5 marks) 1. Calculate the total time to receive all dishes if RPC calls, ‘are sent sequentially 2. Calculate the total time if RPC calls are sent in parallel, Part B — RMI (5 marks) 1. Calculate the total time for all RMI operations sequent: 2. Suggest a way to optimize RMI calls to reduce total ime and calculate the improved time.",
  "cleaned_text": "Sardar Patel Institute of Technology\nBhavans Campus, Munshi Nagar, Andheri (West), Mumbal-400088, india (Autonomous CategeAfilsiedo Univer of Mumba)\nMid Semester Examination\nOctober 2025\nMax. Marks: 30 Duration: 1Hr. Class: T. Y. COMP, CSE. Semester: V\nCourse Code: CE301, CS301\nSubject: Distributed Computing Date: 06/10/2025\nTestruction: (1) All questions are compulsory\n(2) Draw neat diagrams\n(6) Ascume suitable data ifmecessary\n(4) Mention the question number clearly while writing the answer\n(5) Write answers to new questions on new page\nCourse Outcomes: At the end of the course student will be able\n1. Understand the fundamental concepts and design principles of distributed systems. 2. Analyze and apply synchronization techniques and algorithms in distributed\ncavironments. 3. Evaluate consistency models and replication\nmanagement. 44. Design and assess distributed filesystems and unders\n'S. Explore emerging trends and technologies in distributed computing. strategies for distributed data\n[ane\nQi. | A amart healthcare system connects hospitals, pharmaci\nambulances, and diagnostic centers using a distributed\nArchitecture. The government must decide between: 4, ACentralized Cliont Server system\n2, APoorto-Poor system\n3. AMiddteware-based distributed system\nEvaluate each model for: 4. Reliability during emergencies (6\nneeding patient history)\n2. Security of sensitive medical records\n3. Performance during simultaneous access by\nmultiple hospitals: Use the healthcare analogy in your evaluation (\n| records as shared resources, hospitals as nodes, middleware as coordinators). |\n~ patient\nBased on your evaluation, argue which model provides the\nbest balance for such a healthcare system. _sustty withthe help of Architect\n@\nK global airline system allows passongars, travel agents, and\nairports to communicate for booking tickets, seat allocation, and\nflight updates. Each requestresponse can be seon as a message. Design a distributed communication framework for this system\nby: 1, Selecting whether to use Message Passing, RPC, or RMI for\ncore operations (0. 9, seat booking, fight status) and justify\nyour choice. 2. Proposing how message persistence and synchronicity\nshould be managed (e. g, handling delayed confirmations, ensuring bookings are not lost). 3. Creating a mechanism for buffering and falure handling\n{(@. 9. ifthe contral booking server crashos mid-transaction). Prosent your design using the airline analogy (messages\n28 tickets, servers as alrports, middleware as control\ntowers) and explain how your solution ensures reliability\nand consistency. Write your answer with diagrams and justify with respect\nto scenario. 1\n smart hotel systom allows guests to: 4. Order room service via a mobile app (RPC)\n2, Check and update loyalty points using a remote banking\nservice (RMI)\nGiven Data: For RPC (Room Service Ordering): + Pro\nration time per dish = 10 minutes\n+ Notwork latoncy por RPC c\n+ Marshalinglunmarshaling overhe: + Guest orders 3 dishes\nFor RM (Loyalty Points Service): + Time to execute checkPoints()= 2 seconds\n2 minutos (round trip)\n+ Time to execute updatePoints() = 6 seconds\n+ RMI network overhead = 4\ncond per call, + Sossion initialization = 2 seconds\n+ Guest performs 2 balance checks and 1 update\nPart ARPC (5 marks)\n1. Calculate the total time to receive all dishes if RPC calls, are sent sequentially\n2. Calculate the total time if RPC calls are sent in parallel, Part B  RMI (5 marks)\n1. Calculate the total time for all RMI operations sequent: 2. Suggest a way to optimize RMI calls to reduce total ime\nand calculate the improved time."
}