{
  "text": "Sardar Patel Institute of Technology\nBhavan's Campus, Munshi Nagar, Andheri (West), Mumbai-400058, India.\n(Autonomous College Att to University of Mumbai)\n\n‘Mid-Semester Examination\n\nOctober 2025\n‘Max. Marks: 30 Duration: 1 Hrs\nClass: TE Semester: V\nCourse Code: CE304/CS30% Program: CE/CSE\nName of the Course: Theory of Computation\n\nTastruction:\n\n(1) All questions are compulsory\n\n(2) Partial credit will be given, so show your work where appropriate\n\n(3) Note: DFA = Deterministic Finite Automata, NFA = Nondeterministic\nFinite Automata, PDA = Push-Down Automata, CFG=Context Free Grammar,\n‘TM = Turing Machine.\n\n(4) Show your reasoning wherever possible, No credit for merely stating the\nfinal answer even if correct.\n\nCourse Outcomes At the end of the course student will be able tor\n(1) Design finite automaton for regular expressions and languages.\n(2) Apply the properties of regular languages.\n(8) Construct the grammar for a language and convert it into normal forms.\n(4) Design and evaluate pushdown automata and Turing Machine for a language.\n\nQNo. Max. [CO-\nMarks| BL\n‘Gia | Construct a Deterministic Finite Automaton (DFA) over the alphas [5 [1-3\n\nbet EB = {a,0) that accepts all stringy where the total number of\na's is even and the string ends with ab. Demonstrate one example\n‘each of acceptance and rejection of strings by the DFA.\n\nGib | Construct an NFA over 5'= {0,1} that accepts the language: [5 | TS\nL = { strings that contain 101 as a substring } and convert it to\n‘an NFA without epsilon.\n\n‘Qin | State True or Fale with appropriate justification. Let L be theset [5 [2S\nof strings in the intersection of (ab)*(ba)* with (ba)*(ab)* . ‘Then\nLa {d.\n\nQab [Tet L = {oO | n > 100). Is the Tollowing Tanguage regular? [5 [25\nExplain why /why not\n\nQaa | Construct the regular expression for DFA with binary strings that [5 [23\ndoes not contain 11 as substring using Arden’s theorem.\n\nQab | Construct a Moore machine take all the strings of a's and De as [5 |S\n\ninput and counts the no of occurreaces of substring ab” in terms\nof number of 1's, over the input © = {a,0), output A = {0,1}.\n\n",
  "detected_scanned": true,
  "primary_mode": "tesseract",
  "notes": "OCR completed on 1 pages (parallel mode)",
  "raw_text": "Sardar Patel Institute of Technology\nBhavan's Campus, Munshi Nagar, Andheri (West), Mumbai-400058, India.\n(Autonomous College Att to University of Mumbai)\n\n‘Mid-Semester Examination\n\nOctober 2025\n‘Max. Marks: 30 Duration: 1 Hrs\nClass: TE Semester: V\nCourse Code: CE304/CS30% Program: CE/CSE\nName of the Course: Theory of Computation\n\nTastruction:\n\n(1) All questions are compulsory\n\n(2) Partial credit will be given, so show your work where appropriate\n\n(3) Note: DFA = Deterministic Finite Automata, NFA = Nondeterministic\nFinite Automata, PDA = Push-Down Automata, CFG=Context Free Grammar,\n‘TM = Turing Machine.\n\n(4) Show your reasoning wherever possible, No credit for merely stating the\nfinal answer even if correct.\n\nCourse Outcomes At the end of the course student will be able tor\n(1) Design finite automaton for regular expressions and languages.\n(2) Apply the properties of regular languages.\n(8) Construct the grammar for a language and convert it into normal forms.\n(4) Design and evaluate pushdown automata and Turing Machine for a language.\n\nQNo. Max. [CO-\nMarks| BL\n‘Gia | Construct a Deterministic Finite Automaton (DFA) over the alphas [5 [1-3\n\nbet EB = {a,0) that accepts all stringy where the total number of\na's is even and the string ends with ab. Demonstrate one example\n‘each of acceptance and rejection of strings by the DFA.\n\nGib | Construct an NFA over 5'= {0,1} that accepts the language: [5 | TS\nL = { strings that contain 101 as a substring } and convert it to\n‘an NFA without epsilon.\n\n‘Qin | State True or Fale with appropriate justification. Let L be theset [5 [2S\nof strings in the intersection of (ab)*(ba)* with (ba)*(ab)* . ‘Then\nLa {d.\n\nQab [Tet L = {oO | n > 100). Is the Tollowing Tanguage regular? [5 [25\nExplain why /why not\n\nQaa | Construct the regular expression for DFA with binary strings that [5 [23\ndoes not contain 11 as substring using Arden’s theorem.\n\nQab | Construct a Moore machine take all the strings of a's and De as [5 |S\n\ninput and counts the no of occurreaces of substring ab” in terms\nof number of 1's, over the input © = {a,0), output A = {0,1}.\n\n",
  "postprocessed_text": "Sardar Patel Institute of Technology Bhavan's Campus, Munshi Nagar, Andheri (West), Mumbai-400058, India. (Autonomous College Att to University of Mumbai) ‘Mid-Semester Examination October 2025 ‘Max. Marks: 30 Duration: 1 Hrs Class: TE Semester: V Course Code: CE304/CS30% Program: CE/CSE Name of the Course: Theory of Computation Tastruction: (1) All questions are compulsory (2) Partial credit will be given, so show your work where appropriate (3) Note: DFA = Deterministic Finite Automata, NFA = Nondeterministic Finite Automata, PDA = Push-Down Automata, CFG=Context Free Grammar, ‘TM = Turing Machine. (4) Show your reasoning wherever possible, No credit for merely stating the final answer even if correct. Course Outcomes At the end of the course student will be able tor (1) Design finite automaton for regular expressions and languages. (2) Apply the properties of regular languages. (8) Construct the grammar for a language and convert it into normal forms. (4) Design and evaluate pushdown automata and Turing Machine for a language. QNo. Max. [CO- Marks| BL ‘Gia | Construct a Deterministic Finite Automaton (DFA) over the alphas [5 [1-3 bet EB = {a,0) that accepts all stringy where the total number of a's is even and the string ends with ab. Demonstrate one example ‘each of acceptance and rejection of strings by the DFA. Gib | Construct an NFA over 5'= {0,1} that accepts the language: [5 | TS L = { strings that contain 101 as a substring } and convert it to ‘an NFA without epsilon. ‘Qin | State True or Fale with appropriate justification. Let L be theset [5 [2S of strings in the intersection of (ab)*(ba)* with (ba)*(ab)* . ‘Then La {d. Qab [Tet L = {oO | n > 100). Is the Tollowing Tanguage regular? [5 [25 Explain why /why not Qaa | Construct the regular expression for DFA with binary strings that [5 [23 does not contain 11 as substring using Arden’s theorem. Qab | Construct a Moore machine take all the strings of a's and De as [5 |S input and counts the no of occurreaces of substring ab” in terms of number of 1's, over the input © = {a,0), output A = {0,1}.",
  "cleaned_text": "Sardar Patel Institute of Technology\nBhavan's Campus, Munshi Nagar, Andheri (West), Mumbai-400058, India. (Autonomous College Att to University of Mumbai)\nMid-Semester Examination\nOctober 2025\nMax. Marks: 30 Duration: 1 Hrs\nClass: TE Semester: V\nCourse Code: CE304/CS30% Program: CE/CSE\nName of the Course: Theory of Computation\nTastruction: (1) All questions are compulsory\n(2) Partial credit will be given, so show your work where appropriate\n(3) Note: DFA = Deterministic Finite Automata, NFA = Nondeterministic\nFinite Automata, PDA = Push-Down Automata, CFG=Context Free Grammar, TM = Turing Machine. (4) Show your reasoning wherever possible, No credit for merely stating the\nfinal answer even if correct. Course Outcomes At the end of the course student will be able tor\n(1) Design finite automaton for regular expressions and languages. (2) Apply the properties of regular languages. (8) Construct the grammar for a language and convert it into normal forms. (4) Design and evaluate pushdown automata and Turing Machine for a language. QNo. Max. [COMarks| BL\nGia | Construct a Deterministic Finite Automaton (DFA) over the alphas [5 [1-3\nbet EB = {a, 0) that accepts all stringy where the total number of\na's is even and the string ends with ab. Demonstrate one example\neach of acceptance and rejection of strings by the DFA. Gib | Construct an NFA over 5'= {0, 1} that accepts the language: [5 | TS\nL = { strings that contain 101 as a substring } and convert it to\nan NFA without epsilon. Qin | State True or Fale with appropriate justification. Let L be theset [5 [2S\nof strings in the intersection of (ab)*(ba)* with (ba)*(ab)*. Then\nLa {d. Qab [Tet L = {oO | n > 100). Is the Tollowing Tanguage regular? [5 [25\nExplain why /why not\nQaa | Construct the regular expression for DFA with binary strings that [5 [23\ndoes not contain 11 as substring using Ardens theorem. Qab | Construct a Moore machine take all the strings of a's and De as [5 |S\ninput and counts the no of occurreaces of substring ab in terms\nof number of 1's, over the input  = {a, 0), output A = {0, 1}."
}