{
  "text": "(Autonomous Institute Ailisted to University of Mumbai)\n\nMid Semester Examination\n\nOctober 2025\nDuration: One Hr\nClass: T.E. CE/CSE Semester:V\nCourse Code: CE302/CSE302 Program:B.Tech.\nName of the Course: Software Engineering\n\nTnstruction:\n(1) All questions are compulsory\n(2) Draw neat diagrams wherever necessary\n(3) Write questions in sequence and start new question on new page.\n(4) Assume suitable data if necessary\nCourse Outcomes: At the end of the course student will be able tor\n(1) Mustrates software development lifecycle models.\n@) Analyze user requirements and specifications to\nfunctional requirements of a software system.\n@) Design structured and object-oriented system using appropriate design pat=\nterns,\n\nlentify functional and non-\n\nQNe. - ~ [CO=\n- BL\nar (@) Decompose a risk-driven, iterative software development Ts\n\napproach into its fundamental phases\n\n(b)Critically evaluate how the interactions among these phases con-\ntribute to managing uncertainties related to requirements, technol-\ncay, cost, and schedule in large-scale software projects,\noR\n\nContemporary agile methodologies predominantly advocate for\ndirect, co-located, interpersonal interactions as the cornerstone\nof effective communication. However, in modern software devel\n‘opment ecosystems, itis increasingly common for team members\nand stakeholders to be distributed across diverse geographical\nlocations. In light of this, to what extent should physical dispersion\nbe considered a detriment to agile practices? Furthermore, what\nstrategic interventions or technological mechanisms might be em-\nployed to mitigate the challenges posed by such spatial separation\nwhile preserving the eficacy of collaborative engagement?\n\n‘Q2 | (a) Develop following sections of IEEE SRS format for Online Bank [10 [23\ning System,\n\n1. Functional requirements,\n\n2. Now fi\n\nonal requirements\n\n3. Design and implementation constraint\n\n\n2\n\n(0) Match the following\n\nColumn B\n‘dual requirement | a. User receive notification af\n\nter making transaction\n2 Every requirement ia SRS s\ncan be checked cost effectively | '- SRS is consistent\n3. Functional Requirement | © Verifiable\n‘4 Non functional requirement | d. Requirement elicitation\n5. Gather software require- | e. System support 50,000 com\nments from clients current orders\nT_ Requirement engineering\n\nos\n\n@) Develop State Chart Diagram with composite state for the\nfollowing ease study\n\nCase stu\n\nA turnstile check gate would be installed at a railway station\nWhen the turnstile is powered on ft starts in the locked state\nWhen a commutator drops a one rupee coin: ‘The gate gets\n‘unlocked aun « message “Gate Open’ appears. Exactly one person\nis allowed to pass through before the gate gots locked. If move\nthan one person try to pas through, an alarm is sounded and gate\nses locked, Also, when any’ one tiesto jump over the gate:An\nalarm is started and gate is locked. When the alarm is ON-A\nressage\"Please wait: Gate temporarily blocked'is displayed. If\nany one still inserts a coin, it return the coin without locking\nthe gate. The alarm is rest when an attendant swipes a card and\nthe gate starts at the locied state. When any one inserts coin\nwhen the gate is already open: ‘The coin is returned. If there is\n4 power fallure any time: ‘The gate gets locked and “Power fail:\ninoperative” message is dinplayed and coins are not accepted.\n\n(b) Model UML class diagram for the following case study\nCase stu\n\nThe B.Tech. program of SPIT Computer Engineering Department:\n‘comprises of many B.Tech. batches. Each B.Tech, batch consists of\n‘many B.Tech. students. CE Department has many listed courses,\nA course is offered in many semesters A course is either listed as\n‘an program elective course or a program core course. Bach B.Tech,\nstudent credits between 30 to 32 course offering,\n\n0 [3s\n\n",
  "detected_scanned": true,
  "primary_mode": "tesseract",
  "notes": "OCR completed on 2 pages (parallel mode)",
  "raw_text": "(Autonomous Institute Ailisted to University of Mumbai)\n\nMid Semester Examination\n\nOctober 2025\nDuration: One Hr\nClass: T.E. CE/CSE Semester:V\nCourse Code: CE302/CSE302 Program:B.Tech.\nName of the Course: Software Engineering\n\nTnstruction:\n(1) All questions are compulsory\n(2) Draw neat diagrams wherever necessary\n(3) Write questions in sequence and start new question on new page.\n(4) Assume suitable data if necessary\nCourse Outcomes: At the end of the course student will be able tor\n(1) Mustrates software development lifecycle models.\n@) Analyze user requirements and specifications to\nfunctional requirements of a software system.\n@) Design structured and object-oriented system using appropriate design pat=\nterns,\n\nlentify functional and non-\n\nQNe. - ~ [CO=\n- BL\nar (@) Decompose a risk-driven, iterative software development Ts\n\napproach into its fundamental phases\n\n(b)Critically evaluate how the interactions among these phases con-\ntribute to managing uncertainties related to requirements, technol-\ncay, cost, and schedule in large-scale software projects,\noR\n\nContemporary agile methodologies predominantly advocate for\ndirect, co-located, interpersonal interactions as the cornerstone\nof effective communication. However, in modern software devel\n‘opment ecosystems, itis increasingly common for team members\nand stakeholders to be distributed across diverse geographical\nlocations. In light of this, to what extent should physical dispersion\nbe considered a detriment to agile practices? Furthermore, what\nstrategic interventions or technological mechanisms might be em-\nployed to mitigate the challenges posed by such spatial separation\nwhile preserving the eficacy of collaborative engagement?\n\n‘Q2 | (a) Develop following sections of IEEE SRS format for Online Bank [10 [23\ning System,\n\n1. Functional requirements,\n\n2. Now fi\n\nonal requirements\n\n3. Design and implementation constraint\n\n\n2\n\n(0) Match the following\n\nColumn B\n‘dual requirement | a. User receive notification af\n\nter making transaction\n2 Every requirement ia SRS s\ncan be checked cost effectively | '- SRS is consistent\n3. Functional Requirement | © Verifiable\n‘4 Non functional requirement | d. Requirement elicitation\n5. Gather software require- | e. System support 50,000 com\nments from clients current orders\nT_ Requirement engineering\n\nos\n\n@) Develop State Chart Diagram with composite state for the\nfollowing ease study\n\nCase stu\n\nA turnstile check gate would be installed at a railway station\nWhen the turnstile is powered on ft starts in the locked state\nWhen a commutator drops a one rupee coin: ‘The gate gets\n‘unlocked aun « message “Gate Open’ appears. Exactly one person\nis allowed to pass through before the gate gots locked. If move\nthan one person try to pas through, an alarm is sounded and gate\nses locked, Also, when any’ one tiesto jump over the gate:An\nalarm is started and gate is locked. When the alarm is ON-A\nressage\"Please wait: Gate temporarily blocked'is displayed. If\nany one still inserts a coin, it return the coin without locking\nthe gate. The alarm is rest when an attendant swipes a card and\nthe gate starts at the locied state. When any one inserts coin\nwhen the gate is already open: ‘The coin is returned. If there is\n4 power fallure any time: ‘The gate gets locked and “Power fail:\ninoperative” message is dinplayed and coins are not accepted.\n\n(b) Model UML class diagram for the following case study\nCase stu\n\nThe B.Tech. program of SPIT Computer Engineering Department:\n‘comprises of many B.Tech. batches. Each B.Tech, batch consists of\n‘many B.Tech. students. CE Department has many listed courses,\nA course is offered in many semesters A course is either listed as\n‘an program elective course or a program core course. Bach B.Tech,\nstudent credits between 30 to 32 course offering,\n\n0 [3s\n\n",
  "postprocessed_text": "(Autonomous Institute Ailisted to University of Mumbai) Mid Semester Examination October 2025 Duration: One Hr Class: T.E. CE/CSE Semester:V Course Code: CE302/CSE302 Program:B.Tech. Name of the Course: Software Engineering Tnstruction: (1) All questions are compulsory (2) Draw neat diagrams wherever necessary (3) Write questions in sequence and start new question on new page. (4) Assume suitable data if necessary Course Outcomes: At the end of the course student will be able tor (1) Mustrates software development lifecycle models. @) Analyze user requirements and specifications to functional requirements of a software system. @) Design structured and object-oriented system using appropriate design pat= terns, lentify functional and non- QNe. - ~ [CO= - BL ar (@) Decompose a risk-driven, iterative software development Ts approach into its fundamental phases (b)Critically evaluate how the interactions among these phases con- tribute to managing uncertainties related to requirements, technol- cay, cost, and schedule in large-scale software projects, oR Contemporary agile methodologies predominantly advocate for direct, co-located, interpersonal interactions as the cornerstone of effective communication. However, in modern software devel ‘opment ecosystems, itis increasingly common for team members and stakeholders to be distributed across diverse geographical locations. In light of this, to what extent should physical dispersion be considered a detriment to agile practices? Furthermore, what strategic interventions or technological mechanisms might be em- ployed to mitigate the challenges posed by such spatial separation while preserving the eficacy of collaborative engagement? ‘Q2 | (a) Develop following sections of IEEE SRS format for Online Bank [10 [23 ing System, 1. Functional requirements, 2. Now fi onal requirements 3. Design and implementation constraint 2 (0) Match the following Column B ‘dual requirement | a. User receive notification af ter making transaction 2 Every requirement ia SRS s can be checked cost effectively | '- SRS is consistent 3. Functional Requirement | © Verifiable ‘4 Non functional requirement | d. Requirement elicitation 5. Gather software require- | e. System support 50,000 com ments from clients current orders T_ Requirement engineering os @) Develop State Chart Diagram with composite state for the following ease study Case stu A turnstile check gate would be installed at a railway station When the turnstile is powered on ft starts in the locked state When a commutator drops a one rupee coin: ‘The gate gets ‘unlocked aun « message “Gate Open’ appears. Exactly one person is allowed to pass through before the gate gots locked. If move than one person try to pas through, an alarm is sounded and gate ses locked, Also, when any’ one tiesto jump over the gate:An alarm is started and gate is locked. When the alarm is ON-A ressage\"Please wait: Gate temporarily blocked'is displayed. If any one still inserts a coin, it return the coin without locking the gate. The alarm is rest when an attendant swipes a card and the gate starts at the locied state. When any one inserts coin when the gate is already open: ‘The coin is returned. If there is 4 power fallure any time: ‘The gate gets locked and “Power fail: inoperative” message is dinplayed and coins are not accepted. (b) Model UML class diagram for the following case study Case stu The B.Tech. program of SPIT Computer Engineering Department: ‘comprises of many B.Tech. batches. Each B.Tech, batch consists of ‘many B.Tech. students. CE Department has many listed courses, A course is offered in many semesters A course is either listed as ‘an program elective course or a program core course. Bach B.Tech, student credits between 30 to 32 course offering, 0 [3s",
  "cleaned_text": "(Autonomous Institute Ailisted to University of Mumbai)\nMid Semester Examination\nOctober 2025\nDuration: One Hr\nClass: T. E. CE/CSE Semester: V\nCourse Code: CE302/CSE302 Program: B. Tech. Name of the Course: Software Engineering\nTnstruction: (1) All questions are compulsory\n(2) Draw neat diagrams wherever necessary\n(3) Write questions in sequence and start new question on new page. (4) Assume suitable data if necessary\nCourse Outcomes: At the end of the course student will be able tor\n(1) Mustrates software development lifecycle models. @) Analyze user requirements and specifications to\nfunctional requirements of a software system. @) Design structured and object-oriented system using appropriate design pat=\nterns, lentify functional and nonQNe. - ~ [CO=\n- BL\nar (@) Decompose a risk-driven, iterative software development Ts\napproach into its fundamental phases\n(b)Critically evaluate how the interactions among these phases contribute to managing uncertainties related to requirements, technolcay, cost, and schedule in large-scale software projects, oR\nContemporary agile methodologies predominantly advocate for\ndirect, co-located, interpersonal interactions as the cornerstone\nof effective communication. However, in modern software devel\nopment ecosystems, itis increasingly common for team members\nand stakeholders to be distributed across diverse geographical\nlocations. In light of this, to what extent should physical dispersion\nbe considered a detriment to agile practices? Furthermore, what\nstrategic interventions or technological mechanisms might be employed to mitigate the challenges posed by such spatial separation\nwhile preserving the eficacy of collaborative engagement? Q2 | (a) Develop following sections of IEEE SRS format for Online Bank [10 [23\ning System, 1. Functional requirements, 2. Now fi\nonal requirements\n3. Design and implementation constraint\n2\n(0) Match the following\nColumn B\ndual requirement | a. User receive notification af\nter making transaction\n2 Every requirement ia SRS s\ncan be checked cost effectively | '- SRS is consistent\n3. Functional Requirement |  Verifiable\n4 Non functional requirement | d. Requirement elicitation\n5. Gather software require- | e. System support 50, 000 com\nments from clients current orders\nT_ Requirement engineering\nos\n@) Develop State Chart Diagram with composite state for the\nfollowing ease study\nCase stu\nA turnstile check gate would be installed at a railway station\nWhen the turnstile is powered on ft starts in the locked state\nWhen a commutator drops a one rupee coin: The gate gets\nunlocked aun  message Gate Open appears. Exactly one person\nis allowed to pass through before the gate gots locked. If move\nthan one person try to pas through, an alarm is sounded and gate\nses locked, Also, when any one tiesto jump over the gate: An\nalarm is started and gate is locked. When the alarm is ON-A\nressage\"Please wait: Gate temporarily blocked'is displayed. If\nany one still inserts a coin, it return the coin without locking\nthe gate. The alarm is rest when an attendant swipes a card and\nthe gate starts at the locied state. When any one inserts coin\nwhen the gate is already open: The coin is returned. If there is\n4 power fallure any time: The gate gets locked and Power fail: inoperative message is dinplayed and coins are not accepted. (b) Model UML class diagram for the following case study\nCase stu\nThe B. Tech. program of SPIT Computer Engineering Department: comprises of many B. Tech. batches. Each B. Tech, batch consists of\nmany B. Tech. students. CE Department has many listed courses, A course is offered in many semesters A course is either listed as\nan program elective course or a program core course. Bach B. Tech, student credits between 30 to 32 course offering, 0 [3s"
}