{
  "text": "Based on the Engineering Chemistry ESE paper from SPIT Mumbai (May 2024), here's a\ncomprehensive list of syllabus topics covered in each question:\nQ1a - Heat Engines & Thermodynamic Diagrams\nQ1b - Laws of Thermodynamics\nQ1c - Carnot Cycle\nQ1d - Fuel Analysis & Combustion\nEngineering Chemistry Exam Paper - Syllabus Topics by Question\n[1]\nQuestion 1: Thermodynamics and Fuel Chemistry\nHeat engine diagrams and components\nTemperature relationships in thermodynamic systems\nPractical applications of heat engines\nFirst Law of Thermodynamics (energy conservation)\nSecond Law of Thermodynamics (entropy and spontaneity)\nThird Law of Thermodynamics (absolute zero)\nApplications to real-world systems (athletes, refrigerators, thermometers, solar devices)\nCarnot's theorem\nEfficiency calculations for Carnot engines\nWork done and heat transfer calculations\nOptimization of thermal efficiency\nHVAC systems (alternative topic)\nGross Calorific Value (GCV) and Lower Calorific Value (LCV)\nStoichiometric air calculations\nExcess air in combustion\nLatent heat of vaporization\n\nQ2a - Polymer Properties\nQ2b - Electrochemistry & Faraday's Laws\nQ2c - Reference Electrodes\nQ2d - Electrochemical Cells\nQ3a - Green Chemistry Principles\nQuestion 2: Polymer Science and Electrochemistry\nGlass Transition Temperature (Tg)\nMelting Temperature (Tm)\nPolymer selection for specific applications\nRelationship between temperature and polymer behavior\nElectrolysis principles\nFaraday's laws of electrolysis\nMetal deposition calculations (gold and copper)\nCurrent and charge calculations\nAtomic mass determination\nHydrogen electrode construction and working\nGlass electrode construction and working\nNernst equation derivation\npH determination using electrodes\nAdvantages and disadvantages of different electrodes\nGalvanic cell construction\nSalt bridge function\nCell notation and representation\nHalf-cell reactions\nEMF calculations using Nernst equation\nCorrosion prediction\nPrimary vs. secondary cells\nElectrode behavior during charging/discharging\nQuestion 3: Green Chemistry and Water Chemistry\n12 Principles of Green Chemistry\nCatalysis and energy efficiency\nAtom economy\n\nQ3b - Water Analysis\nQ3c - Atom Economy\nQ3d - Fuel Cells\nQ4a - Combustion Calculations\nQ4b - Nanomaterials\nWaste prevention\nGreen solvents\nReal-world applications (Metathesis reaction)\nWater hardness determination using EDTA titration\nChemical Oxygen Demand (COD) measurement\nTitration calculations\nWater quality standards\nWastewater disposal methods\nAtom economy calculations\nSynthesis routes comparison\nAspirin synthesis methods\nGreen chemistry in pharmaceutical synthesis\nFuel cell construction and working\nHydrogen-oxygen fuel cells\nElectrode reactions in fuel cells\nEMF calculations\nEfficiency of fuel cells\nComparison with conventional batteries\nQuestion 4: Materials Science and Internal Combustion Engines\nFuel composition analysis\nStoichiometric calculations for gaseous fuels\nAir requirements for combustion\nVolume and weight calculations\nExcess air considerations\nCarbon nanotube structure\nStructure-property correlations in nanomaterials\nMechanical, electrical, and thermal properties\nEutectic mixtures (alternative topic)\n\nQ4c - Advanced Materials\nQ4d - Internal Combustion Engines\nThis syllabus covers fundamental and applied chemistry topics essential for engineering\nstudents, with emphasis on thermodynamics, electrochemistry, materials science, fuels, and\ngreen chemistry principles.\n⁂\nPhase diagrams and engineering materials\nHigh-temperature superconductors (YBCO structure)\nCrystal structure and superconductivity relationship\nNon-stoichiometric semiconductors (alternative topic)\nN-type and P-type semiconductors (FeO and ZnO)\nFour-stroke engine construction\nKnocking phenomenon in engines\nOctane number and its significance\nFuel quality and performance\nAnti-knocking additives\nFuel improvement methods\nCourse Outcomes (CO) Mapped:\nAS102.1: Thermodynamics principles\nAS102.2: Materials science and polymers\nAS102.3: Fuels and combustion\nAS102.4: Electrochemistry and green chemistry\nBloom's Taxonomy Levels:\nLevel 2: Understanding and comprehension\nLevel 3: Application and analysis\nLevel 4: Evaluation and synthesis\n[1]\n1. ESE-FE-EXTC-CSE-Sem2-Engg-Chemistry.pdf\n",
  "detected_scanned": false,
  "primary_mode": "pymupdf",
  "notes": "Used PyMuPDF for extraction",
  "raw_text": "Based on the Engineering Chemistry ESE paper from SPIT Mumbai (May 2024), here's a\ncomprehensive list of syllabus topics covered in each question:\nQ1a - Heat Engines & Thermodynamic Diagrams\nQ1b - Laws of Thermodynamics\nQ1c - Carnot Cycle\nQ1d - Fuel Analysis & Combustion\nEngineering Chemistry Exam Paper - Syllabus Topics by Question\n[1]\nQuestion 1: Thermodynamics and Fuel Chemistry\nHeat engine diagrams and components\nTemperature relationships in thermodynamic systems\nPractical applications of heat engines\nFirst Law of Thermodynamics (energy conservation)\nSecond Law of Thermodynamics (entropy and spontaneity)\nThird Law of Thermodynamics (absolute zero)\nApplications to real-world systems (athletes, refrigerators, thermometers, solar devices)\nCarnot's theorem\nEfficiency calculations for Carnot engines\nWork done and heat transfer calculations\nOptimization of thermal efficiency\nHVAC systems (alternative topic)\nGross Calorific Value (GCV) and Lower Calorific Value (LCV)\nStoichiometric air calculations\nExcess air in combustion\nLatent heat of vaporization\n\nQ2a - Polymer Properties\nQ2b - Electrochemistry & Faraday's Laws\nQ2c - Reference Electrodes\nQ2d - Electrochemical Cells\nQ3a - Green Chemistry Principles\nQuestion 2: Polymer Science and Electrochemistry\nGlass Transition Temperature (Tg)\nMelting Temperature (Tm)\nPolymer selection for specific applications\nRelationship between temperature and polymer behavior\nElectrolysis principles\nFaraday's laws of electrolysis\nMetal deposition calculations (gold and copper)\nCurrent and charge calculations\nAtomic mass determination\nHydrogen electrode construction and working\nGlass electrode construction and working\nNernst equation derivation\npH determination using electrodes\nAdvantages and disadvantages of different electrodes\nGalvanic cell construction\nSalt bridge function\nCell notation and representation\nHalf-cell reactions\nEMF calculations using Nernst equation\nCorrosion prediction\nPrimary vs. secondary cells\nElectrode behavior during charging/discharging\nQuestion 3: Green Chemistry and Water Chemistry\n12 Principles of Green Chemistry\nCatalysis and energy efficiency\nAtom economy\n\nQ3b - Water Analysis\nQ3c - Atom Economy\nQ3d - Fuel Cells\nQ4a - Combustion Calculations\nQ4b - Nanomaterials\nWaste prevention\nGreen solvents\nReal-world applications (Metathesis reaction)\nWater hardness determination using EDTA titration\nChemical Oxygen Demand (COD) measurement\nTitration calculations\nWater quality standards\nWastewater disposal methods\nAtom economy calculations\nSynthesis routes comparison\nAspirin synthesis methods\nGreen chemistry in pharmaceutical synthesis\nFuel cell construction and working\nHydrogen-oxygen fuel cells\nElectrode reactions in fuel cells\nEMF calculations\nEfficiency of fuel cells\nComparison with conventional batteries\nQuestion 4: Materials Science and Internal Combustion Engines\nFuel composition analysis\nStoichiometric calculations for gaseous fuels\nAir requirements for combustion\nVolume and weight calculations\nExcess air considerations\nCarbon nanotube structure\nStructure-property correlations in nanomaterials\nMechanical, electrical, and thermal properties\nEutectic mixtures (alternative topic)\n\nQ4c - Advanced Materials\nQ4d - Internal Combustion Engines\nThis syllabus covers fundamental and applied chemistry topics essential for engineering\nstudents, with emphasis on thermodynamics, electrochemistry, materials science, fuels, and\ngreen chemistry principles.\n⁂\nPhase diagrams and engineering materials\nHigh-temperature superconductors (YBCO structure)\nCrystal structure and superconductivity relationship\nNon-stoichiometric semiconductors (alternative topic)\nN-type and P-type semiconductors (FeO and ZnO)\nFour-stroke engine construction\nKnocking phenomenon in engines\nOctane number and its significance\nFuel quality and performance\nAnti-knocking additives\nFuel improvement methods\nCourse Outcomes (CO) Mapped:\nAS102.1: Thermodynamics principles\nAS102.2: Materials science and polymers\nAS102.3: Fuels and combustion\nAS102.4: Electrochemistry and green chemistry\nBloom's Taxonomy Levels:\nLevel 2: Understanding and comprehension\nLevel 3: Application and analysis\nLevel 4: Evaluation and synthesis\n[1]\n1. ESE-FE-EXTC-CSE-Sem2-Engg-Chemistry.pdf\n",
  "postprocessed_text": "Based on the Engineering Chemistry ESE paper from SPIT Mumbai (May 2024), here's a comprehensive list of syllabus topics covered in each question: Q1a - Heat Engines & Thermodynamic Diagrams Q1b - Laws of Thermodynamics Q1c - Carnot Cycle Q1d - Fuel Analysis & Combustion Engineering Chemistry Exam Paper - Syllabus Topics by Question [1] Question 1: Thermodynamics and Fuel Chemistry Heat engine diagrams and components Temperature relationships in thermodynamic systems Practical applications of heat engines First Law of Thermodynamics (energy conservation) Second Law of Thermodynamics (entropy and spontaneity) Third Law of Thermodynamics (absolute zero) Applications to real-world systems (athletes, refrigerators, thermometers, solar devices) Carnot's theorem Efficiency calculations for Carnot engines Work done and heat transfer calculations Optimization of thermal efficiency HVAC systems (alternative topic) Gross Calorific Value (GCV) and Lower Calorific Value (LCV) Stoichiometric air calculations Excess air in combustion Latent heat of vaporization Q2a - Polymer Properties Q2b - Electrochemistry & Faraday's Laws Q2c - Reference Electrodes Q2d - Electrochemical Cells Q3a - Green Chemistry Principles Question 2: Polymer Science and Electrochemistry Glass Transition Temperature (Tg) Melting Temperature (Tm) Polymer selection for specific applications Relationship between temperature and polymer behavior Electrolysis principles Faraday's laws of electrolysis Metal deposition calculations (gold and copper) Current and charge calculations Atomic mass determination Hydrogen electrode construction and working Glass electrode construction and working Nernst equation derivation pH determination using electrodes Advantages and disadvantages of different electrodes Galvanic cell construction Salt bridge function Cell notation and representation Half-cell reactions EMF calculations using Nernst equation Corrosion prediction Primary vs. secondary cells Electrode behavior during charging/discharging Question 3: Green Chemistry and Water Chemistry 12 Principles of Green Chemistry Catalysis and energy efficiency Atom economy Q3b - Water Analysis Q3c - Atom Economy Q3d - Fuel Cells Q4a - Combustion Calculations Q4b - Nanomaterials Waste prevention Green solvents Real-world applications (Metathesis reaction) Water hardness determination using EDTA titration Chemical Oxygen Demand (COD) measurement Titration calculations Water quality standards Wastewater disposal methods Atom economy calculations Synthesis routes comparison Aspirin synthesis methods Green chemistry in pharmaceutical synthesis Fuel cell construction and working Hydrogen-oxygen fuel cells Electrode reactions in fuel cells EMF calculations Efficiency of fuel cells Comparison with conventional batteries Question 4: Materials Science and Internal Combustion Engines Fuel composition analysis Stoichiometric calculations for gaseous fuels Air requirements for combustion Volume and weight calculations Excess air considerations Carbon nanotube structure Structure-property correlations in nanomaterials Mechanical, electrical, and thermal properties Eutectic mixtures (alternative topic) Q4c - Advanced Materials Q4d - Internal Combustion Engines This syllabus covers fundamental and applied chemistry topics essential for engineering students, with emphasis on thermodynamics, electrochemistry, materials science, fuels, and green chemistry principles. ⁂ Phase diagrams and engineering materials High-temperature superconductors (YBCO structure) Crystal structure and superconductivity relationship Non-stoichiometric semiconductors (alternative topic) N-type and P-type semiconductors (FeO and ZnO) Four-stroke engine construction Knocking phenomenon in engines Octane number and its significance Fuel quality and performance Anti-knocking additives Fuel improvement methods Course Outcomes (CO) Mapped: AS102.1: Thermodynamics principles AS102.2: Materials science and polymers AS102.3: Fuels and combustion AS102.4: Electrochemistry and green chemistry Bloom's Taxonomy Levels: Level 2: Understanding and comprehension Level 3: Application and analysis Level 4: Evaluation and synthesis [1] 1. ESE-FE-EXTC-CSE-Sem2-Engg-Chemistry.pdf",
  "cleaned_text": "Based on the Engineering Chemistry ESE paper from SPIT Mumbai (May 2024), here's a\ncomprehensive list of syllabus topics covered in each question: Q1a - Heat Engines & Thermodynamic Diagrams\nQ1b - Laws of Thermodynamics\nQ1c - Carnot Cycle\nQ1d - Fuel Analysis & Combustion\nEngineering Chemistry Exam Paper - Syllabus Topics by Question\n[1]\nQuestion 1: Thermodynamics and Fuel Chemistry\nHeat engine diagrams and components\nTemperature relationships in thermodynamic systems\nPractical applications of heat engines\nFirst Law of Thermodynamics (energy conservation)\nSecond Law of Thermodynamics (entropy and spontaneity)\nThird Law of Thermodynamics (absolute zero)\nApplications to real-world systems (athletes, refrigerators, thermometers, solar devices)\nCarnot's theorem\nEfficiency calculations for Carnot engines\nWork done and heat transfer calculations\nOptimization of thermal efficiency\nHVAC systems (alternative topic)\nGross Calorific Value (GCV) and Lower Calorific Value (LCV)\nStoichiometric air calculations\nExcess air in combustion\nLatent heat of vaporization\nQ2a - Polymer Properties\nQ2b - Electrochemistry & Faraday's Laws\nQ2c - Reference Electrodes\nQ2d - Electrochemical Cells\nQ3a - Green Chemistry Principles\nQuestion 2: Polymer Science and Electrochemistry\nGlass Transition Temperature (Tg)\nMelting Temperature (Tm)\nPolymer selection for specific applications\nRelationship between temperature and polymer behavior\nElectrolysis principles\nFaraday's laws of electrolysis\nMetal deposition calculations (gold and copper)\nCurrent and charge calculations\nAtomic mass determination\nHydrogen electrode construction and working\nGlass electrode construction and working\nNernst equation derivation\npH determination using electrodes\nAdvantages and disadvantages of different electrodes\nGalvanic cell construction\nSalt bridge function\nCell notation and representation\nHalf-cell reactions\nEMF calculations using Nernst equation\nCorrosion prediction\nPrimary vs. secondary cells\nElectrode behavior during charging/discharging\nQuestion 3: Green Chemistry and Water Chemistry\n12 Principles of Green Chemistry\nCatalysis and energy efficiency\nAtom economy\nQ3b - Water Analysis\nQ3c - Atom Economy\nQ3d - Fuel Cells\nQ4a - Combustion Calculations\nQ4b - Nanomaterials\nWaste prevention\nGreen solvents\nReal-world applications (Metathesis reaction)\nWater hardness determination using EDTA titration\nChemical Oxygen Demand (COD) measurement\nTitration calculations\nWater quality standards\nWastewater disposal methods\nAtom economy calculations\nSynthesis routes comparison\nAspirin synthesis methods\nGreen chemistry in pharmaceutical synthesis\nFuel cell construction and working\nHydrogen-oxygen fuel cells\nElectrode reactions in fuel cells\nEMF calculations\nEfficiency of fuel cells\nComparison with conventional batteries\nQuestion 4: Materials Science and Internal Combustion Engines\nFuel composition analysis\nStoichiometric calculations for gaseous fuels\nAir requirements for combustion\nVolume and weight calculations\nExcess air considerations\nCarbon nanotube structure\nStructure-property correlations in nanomaterials\nMechanical, electrical, and thermal properties\nEutectic mixtures (alternative topic)\nQ4c - Advanced Materials\nQ4d - Internal Combustion Engines\nThis syllabus covers fundamental and applied chemistry topics essential for engineering\nstudents, with emphasis on thermodynamics, electrochemistry, materials science, fuels, and\ngreen chemistry principles. Phase diagrams and engineering materials\nHigh-temperature superconductors (YBCO structure)\nCrystal structure and superconductivity relationship\nNon-stoichiometric semiconductors (alternative topic)\nN-type and P-type semiconductors (FeO and ZnO)\nFour-stroke engine construction\nKnocking phenomenon in engines\nOctane number and its significance\nFuel quality and performance\nAnti-knocking additives\nFuel improvement methods\nCourse Outcomes (CO) Mapped: AS102. 1: Thermodynamics principles\nAS102. 2: Materials science and polymers\nAS102. 3: Fuels and combustion\nAS102. 4: Electrochemistry and green chemistry\nBloom's Taxonomy Levels: Level 2: Understanding and comprehension\nLevel 3: Application and analysis\nLevel 4: Evaluation and synthesis\n[1]\n1. ESE-FE-EXTC-CSE-Sem2-Engg-Chemistry. pdf"
}