{
  "text": "©\nSS\nSue ai o Tino\n\n‘Bhavan's Campus, Munshi Nagar, Andheri (West), Mumbai-400058, India,\n(Autonomous College A filiated to University of Mumbai)\n\n‘Mid Semester Examination\n\nct, 2025\n\nCourse Name: Artificial Intelligence and Soft Computing _ Course Code: €5303/CE303\nClass: T. ¥.B-Tech. Max. Marks: 30\n\nBranch: COMP/CSE Semester: V\n\nTime: 60 minutes\n\nTastrucion\n\n(1) Draw neat diagrams/design.\n{G) Assume suitable data if necessary\n{(4) Mention the question number clearly while writing the answer\n\n‘QNo_| Question Warks [CO\n‘Qu.1 | a.) Distinguish Between the following with seb! example 5 [Cot\n1, Simple Reflex Agent Vs. Goal based Agent |\n2. PEAS Vs PAGE, |\n'b) Ohtain the output ofthe neuron Y forthe network shows in. igre using | ©\nactivation functions as binary sigmoidal (take lambda”\n‘Gud | Using Back-propagation network, find the new weights for the net shown in [10 | CO2\n\nFigure. Iti presented with the input pattern {0, 1] and the target output is 1\n‘Use a learning rate alpha =0.25 and binary sigmoidal activation function\n‘with lambda\n\n\n5 | Explain te concept oF Leaming Vector Quantization (C'VQ) ad its role in\nclassification problems. Consider an LVQ network with four input vectors\n\nbelonging toto classes as shown below\nNestor —]\n{ro1g i\n[oron “FE |\n[w100) i\noor) p\nfori ty ~ 0\n\n| Using the squared Euctidean distance measure, perform the LVQ weight\n‘update process with the following initial prototype weight vec\n03\n\nLearning\n\nwI=[101 0]\n\nw2-[010 1]\n\nShow tie final updated weight m\n| dataset\n\n_| — —_s\n\nrx after one compiete pass through the\n\niw\n\n",
  "detected_scanned": true,
  "primary_mode": "tesseract",
  "notes": "OCR completed on 2 pages (parallel mode)",
  "raw_text": "©\nSS\nSue ai o Tino\n\n‘Bhavan's Campus, Munshi Nagar, Andheri (West), Mumbai-400058, India,\n(Autonomous College A filiated to University of Mumbai)\n\n‘Mid Semester Examination\n\nct, 2025\n\nCourse Name: Artificial Intelligence and Soft Computing _ Course Code: €5303/CE303\nClass: T. ¥.B-Tech. Max. Marks: 30\n\nBranch: COMP/CSE Semester: V\n\nTime: 60 minutes\n\nTastrucion\n\n(1) Draw neat diagrams/design.\n{G) Assume suitable data if necessary\n{(4) Mention the question number clearly while writing the answer\n\n‘QNo_| Question Warks [CO\n‘Qu.1 | a.) Distinguish Between the following with seb! example 5 [Cot\n1, Simple Reflex Agent Vs. Goal based Agent |\n2. PEAS Vs PAGE, |\n'b) Ohtain the output ofthe neuron Y forthe network shows in. igre using | ©\nactivation functions as binary sigmoidal (take lambda”\n‘Gud | Using Back-propagation network, find the new weights for the net shown in [10 | CO2\n\nFigure. Iti presented with the input pattern {0, 1] and the target output is 1\n‘Use a learning rate alpha =0.25 and binary sigmoidal activation function\n‘with lambda\n\n\n5 | Explain te concept oF Leaming Vector Quantization (C'VQ) ad its role in\nclassification problems. Consider an LVQ network with four input vectors\n\nbelonging toto classes as shown below\nNestor —]\n{ro1g i\n[oron “FE |\n[w100) i\noor) p\nfori ty ~ 0\n\n| Using the squared Euctidean distance measure, perform the LVQ weight\n‘update process with the following initial prototype weight vec\n03\n\nLearning\n\nwI=[101 0]\n\nw2-[010 1]\n\nShow tie final updated weight m\n| dataset\n\n_| — —_s\n\nrx after one compiete pass through the\n\niw\n\n",
  "postprocessed_text": "© SS Sue ai o Tino ‘Bhavan's Campus, Munshi Nagar, Andheri (West), Mumbai-400058, India, (Autonomous College A filiated to University of Mumbai) ‘Mid Semester Examination ct, 2025 Course Name: Artificial Intelligence and Soft Computing _ Course Code: €5303/CE303 Class: T. ¥.B-Tech. Max. Marks: 30 Branch: COMP/CSE Semester: V Time: 60 minutes Tastrucion (1) Draw neat diagrams/design. {G) Assume suitable data if necessary {(4) Mention the question number clearly while writing the answer ‘QNo_| Question Warks [CO ‘Qu.1 | a.) Distinguish Between the following with seb! example 5 [Cot 1, Simple Reflex Agent Vs. Goal based Agent | 2. PEAS Vs PAGE, | 'b) Ohtain the output ofthe neuron Y forthe network shows in. igre using | © activation functions as binary sigmoidal (take lambda” ‘Gud | Using Back-propagation network, find the new weights for the net shown in [10 | CO2 Figure. Iti presented with the input pattern {0, 1] and the target output is 1 ‘Use a learning rate alpha =0.25 and binary sigmoidal activation function ‘with lambda 5 | Explain te concept oF Leaming Vector Quantization (C'VQ) ad its role in classification problems. Consider an LVQ network with four input vectors belonging toto classes as shown below Nestor —] {ro1g i [oron “FE | [w100) i oor) p fori ty ~ 0 | Using the squared Euctidean distance measure, perform the LVQ weight ‘update process with the following initial prototype weight vec 03 Learning wI=[101 0] w2-[010 1] Show tie final updated weight m | dataset _| — —_s rx after one compiete pass through the iw",
  "cleaned_text": "SS\nSue ai o Tino\nBhavan's Campus, Munshi Nagar, Andheri (West), Mumbai-400058, India, (Autonomous College A filiated to University of Mumbai)\nMid Semester Examination\nct, 2025\nCourse Name: Artificial Intelligence and Soft Computing _ Course Code: 5303/CE303\nClass: T. . B-Tech. Max. Marks: 30\nBranch: COMP/CSE Semester: V\nTime: 60 minutes\nTastrucion\n(1) Draw neat diagrams/design. {G) Assume suitable data if necessary\n{(4) Mention the question number clearly while writing the answer\nQNo_| Question Warks [CO\nQu. 1 | a. ) Distinguish Between the following with seb! example 5 [Cot\n1, Simple Reflex Agent Vs. Goal based Agent |\n2. PEAS Vs PAGE, |\n'b) Ohtain the output ofthe neuron Y forthe network shows in. igre using | \nactivation functions as binary sigmoidal (take lambda\nGud | Using Back-propagation network, find the new weights for the net shown in [10 | CO2\nFigure. Iti presented with the input pattern {0, 1] and the target output is 1\nUse a learning rate alpha =0. 25 and binary sigmoidal activation function\nwith lambda\n5 | Explain te concept oF Leaming Vector Quantization (C'VQ) ad its role in\nclassification problems. Consider an LVQ network with four input vectors\nbelonging toto classes as shown below\nNestor ]\n{ro1g i\n[oron FE |\n[w100) i\noor) p\nfori ty ~ 0\n| Using the squared Euctidean distance measure, perform the LVQ weight\nupdate process with the following initial prototype weight vec\n03\nLearning\nwI=[101 0]\nw2-[010 1]\nShow tie final updated weight m\n| dataset\n_|  _s\nrx after one compiete pass through the\niw"
}