{
  "text": "CYBER SAFETY\nFOR KIDS\n- SMART KIDS IN A SMART WORLD\nPRESENTED BY : \nShravani Ashok Mohane\nSchool : Carmel Convent High School\nStd : 7th\nDiv : F\n1\n\nWHAT IS INTERNET ?\nThe Internet is a global network that\nconnects millions of computers, tablets,\nand mobile phones all over the world. It\nallows people to share information,\ncommunicate instantly, and access\nknowledge from anywhere. Through the\nInternet, we can send emails, watch videos,\nplay games, study, shop online, and much\nmore. It is like a giant web of connections\nthat links people, ideas, and information\ntogether, making our world smaller and\nsmarter.\n2\n\nThe Internet has many positive sides. It helps us to learn\nnew things, study online, and find information about\nanything in the world. We can communicate easily with\nour friends and family through messages, video calls, or\nemails. The Internet also helps us show our creativity by\nsharing art, music, or stories. It gives us entertainment\nthrough games, videos, and songs. When used wisely, the\nInternet becomes a great tool for learning, connecting,\nand growing.\nBRIGHT SIDE OF THE INTERNET\n3\n\nThe Internet is very useful, but it also has some\ndangers if we are not careful. Some people use it to\nspread fake news, hack accounts, or bully others\nonline. Strangers may try to steal personal information\nor trick children into sharing private details. Spending\ntoo much time online can also affect our health and\nstudies. That is why we must always use the Internet\nsafely and wisely, never share personal information,\nand talk to parents or teachers if something feels\nwrong.\nTHE DARK SIDE ( DANGERS ONLINE)\n4\n\nCyber safety means being safe while using the\nInternet, computers, and mobile phones. It helps us\nprotect our personal information such as our name,\naddress, school name, photos, or passwords from\nstrangers or unsafe websites. It also teaches us to use\ntechnology responsibly, avoid cyberbullying, and\nreport anything suspicious online. By following cyber\nsafety rules, we can enjoy the Internet for learning,\nplaying, and connecting with others without falling\ninto danger. \nWHAT IS CYBER SAFETY ?\n5\n",
  "detected_scanned": false,
  "primary_mode": "pymupdf",
  "notes": "Used PyMuPDF for extraction",
  "raw_text": "CYBER SAFETY\nFOR KIDS\n- SMART KIDS IN A SMART WORLD\nPRESENTED BY : \nShravani Ashok Mohane\nSchool : Carmel Convent High School\nStd : 7th\nDiv : F\n1\n\nWHAT IS INTERNET ?\nThe Internet is a global network that\nconnects millions of computers, tablets,\nand mobile phones all over the world. It\nallows people to share information,\ncommunicate instantly, and access\nknowledge from anywhere. Through the\nInternet, we can send emails, watch videos,\nplay games, study, shop online, and much\nmore. It is like a giant web of connections\nthat links people, ideas, and information\ntogether, making our world smaller and\nsmarter.\n2\n\nThe Internet has many positive sides. It helps us to learn\nnew things, study online, and find information about\nanything in the world. We can communicate easily with\nour friends and family through messages, video calls, or\nemails. The Internet also helps us show our creativity by\nsharing art, music, or stories. It gives us entertainment\nthrough games, videos, and songs. When used wisely, the\nInternet becomes a great tool for learning, connecting,\nand growing.\nBRIGHT SIDE OF THE INTERNET\n3\n\nThe Internet is very useful, but it also has some\ndangers if we are not careful. Some people use it to\nspread fake news, hack accounts, or bully others\nonline. Strangers may try to steal personal information\nor trick children into sharing private details. Spending\ntoo much time online can also affect our health and\nstudies. That is why we must always use the Internet\nsafely and wisely, never share personal information,\nand talk to parents or teachers if something feels\nwrong.\nTHE DARK SIDE ( DANGERS ONLINE)\n4\n\nCyber safety means being safe while using the\nInternet, computers, and mobile phones. It helps us\nprotect our personal information such as our name,\naddress, school name, photos, or passwords from\nstrangers or unsafe websites. It also teaches us to use\ntechnology responsibly, avoid cyberbullying, and\nreport anything suspicious online. By following cyber\nsafety rules, we can enjoy the Internet for learning,\nplaying, and connecting with others without falling\ninto danger. \nWHAT IS CYBER SAFETY ?\n5\n",
  "postprocessed_text": "CYBER SAFETY FOR KIDS - SMART KIDS IN A SMART WORLD PRESENTED BY : Shravani Ashok Mohane School : Carmel Convent High School Std : 7th Div : F 1 WHAT IS INTERNET ? The Internet is a global network that connects millions of computers, tablets, and mobile phones all over the world. It allows people to share information, communicate instantly, and access knowledge from anywhere. Through the Internet, we can send emails, watch videos, play games, study, shop online, and much more. It is like a giant web of connections that links people, ideas, and information together, making our world smaller and smarter. 2 The Internet has many positive sides. It helps us to learn new things, study online, and find information about anything in the world. We can communicate easily with our friends and family through messages, video calls, or emails. The Internet also helps us show our creativity by sharing art, music, or stories. It gives us entertainment through games, videos, and songs. When used wisely, the Internet becomes a great tool for learning, connecting, and growing. BRIGHT SIDE OF THE INTERNET 3 The Internet is very useful, but it also has some dangers if we are not careful. Some people use it to spread fake news, hack accounts, or bully others online. Strangers may try to steal personal information or trick children into sharing private details. Spending too much time online can also affect our health and studies. That is why we must always use the Internet safely and wisely, never share personal information, and talk to parents or teachers if something feels wrong. THE DARK SIDE ( DANGERS ONLINE) 4 Cyber safety means being safe while using the Internet, computers, and mobile phones. It helps us protect our personal information such as our name, address, school name, photos, or passwords from strangers or unsafe websites. It also teaches us to use technology responsibly, avoid cyberbullying, and report anything suspicious online. By following cyber safety rules, we can enjoy the Internet for learning, playing, and connecting with others without falling into danger. WHAT IS CYBER SAFETY ? 5",
  "cleaned_text": "CYBER SAFETY\nFOR KIDS\n- SMART KIDS IN A SMART WORLD\nPRESENTED BY: Shravani Ashok Mohane\nSchool: Carmel Convent High School\nStd: 7th\nDiv: F\n1\nWHAT IS INTERNET? The Internet is a global network that\nconnects millions of computers, tablets, and mobile phones all over the world. It\nallows people to share information, communicate instantly, and access\nknowledge from anywhere. Through the\nInternet, we can send emails, watch videos, play games, study, shop online, and much\nmore. It is like a giant web of connections\nthat links people, ideas, and information\ntogether, making our world smaller and\nsmarter. 2\nThe Internet has many positive sides. It helps us to learn\nnew things, study online, and find information about\nanything in the world. We can communicate easily with\nour friends and family through messages, video calls, or\nemails. The Internet also helps us show our creativity by\nsharing art, music, or stories. It gives us entertainment\nthrough games, videos, and songs. When used wisely, the\nInternet becomes a great tool for learning, connecting, and growing. BRIGHT SIDE OF THE INTERNET\n3\nThe Internet is very useful, but it also has some\ndangers if we are not careful. Some people use it to\nspread fake news, hack accounts, or bully others\nonline. Strangers may try to steal personal information\nor trick children into sharing private details. Spending\ntoo much time online can also affect our health and\nstudies. That is why we must always use the Internet\nsafely and wisely, never share personal information, and talk to parents or teachers if something feels\nwrong. THE DARK SIDE ( DANGERS ONLINE)\n4\nCyber safety means being safe while using the\nInternet, computers, and mobile phones. It helps us\nprotect our personal information such as our name, address, school name, photos, or passwords from\nstrangers or unsafe websites. It also teaches us to use\ntechnology responsibly, avoid cyberbullying, and\nreport anything suspicious online. By following cyber\nsafety rules, we can enjoy the Internet for learning, playing, and connecting with others without falling\ninto danger. WHAT IS CYBER SAFETY? 5"
}