{
  "text": " \nSOME IMPORTANT FORMULAE: \n \nUtilization of sender Us=Ws/(1+2(dp/dt)) \nWs=sender window \ndp=propagation delay \ndt=transmission delay \n \nWs(max)=1+2(dp/dt) \n \n \n \nSTOP & WAIT \nGO BACK-N \nSELECTIVE REPEAT \nUTILIZATION \n1/(1+2(dp/dt)) \nN/(1+2(dp/dt)) \n(N=Ws) \nN/(1+2(dp/dt)) \n(N=Ws) \nSEQUENCE \nNUMBER(Ws+Wr) \n1(Ws)+1(Wr)=2 \nN(Ws)+1(Wr)=N+1 \nN(Ws)+N(Wr)=2N \nRETRANSMISSION \n1 \nN \n1 \n​\n \nSequence Number=Ws+Wr \nNo. of bits for sequence number=log2(Ws+Wr) \n \n \n \n \n \nQUESTIONS: \n \n1)Using stop and wait we want to send 10 packets out of which every 4th packet is lost. How \nmany total packets needs to be sent? \n \nSolution:\n \n \n \n \n \n\n \n \n \n2)If we want to send 400 packets over a channel having error probability of 0.2, then how many \ntotal packets need to be sent using stop and wait protocol to complete communication? \n \nSolution: \n \n \n3)In Go Back-3 if the 5th packet being transmitted is lost and we want to send 10 packets how \nmany transmissions are needed? \n \nSolution: \n \n \n4)Solve question 3 for selective repeat. \n \nSolution: \n \n \n \n\n5)Sender wants to achieve 60% utilization. The transmission and propagation delay are 1 msec \nand 49.5 msec respective. How many bits are needed to represent sequence numbers if the \nprotocol used is selective repeat? \n \nSolution: \n \n \n\n6)Consider the circuit-switched network shown in the figure below, with circuit switches A, B, C, and \nD. Suppose there are 13 circuits between A and B, 17 circuits between B and C, 12 circuits between \nC and D, and 13 circuits between D and A. \n \na)What is the maximum number of connections that can be ongoing in the network at any one time? \n \nSolution: \nThe maximum number of connections is the sum of all links: \n13+17+12+13=55 \n \nb)Suppose that these maximum number of connections are all ongoing. What happens when \nanother call connection request arrives to the network, will it be accepted? Answer Yes or No \n \nSolution: \nIf all connections are full, the request will be blocked: \nSo NO \n \nc)Suppose that every connection requires 2 consecutive hops, and calls are connected clockwise. \nFor example, a connection can go from A to C, from B to D, from C to A, and from D to B. With these \nconstraints, what is the maximum number of connections that can be ongoing in the network at any \none time? \n \nSolution: \n●​\nA → C (A → B → C) is limited by the smallest capacity in the path: \n\n○​\nA → B has 13 circuits \n○​\nB → C has 17 circuits \n○​\nThe bottleneck is A → B (13 circuits) \n○​\nSo, at most 13 connections can be A → C at once. \n●​\nC → A (C → D → A) is limited by: \n○​\nC → D has 12 circuits \n○​\nD → A has 13 circuits \n○​\nThe bottleneck is C → D (12 circuits) \n○​\nSo, at most 12 connections can be C → A at once. \nTotal max connections from A → C and C → A = 13 + 12 = 25 connections. \n​\nB → D (B → C → D) is limited by: \n○​\nB → C has 17 circuits \n○​\nC → D has 12 circuits \n○​\nBottleneck is C → D (12 circuits) \n○​\nSo, max 12 connections for B → D. \n●​\nD → B (D → A → B) is limited by: \n○​\nD → A has 13 circuits \n○​\nA → B has 13 circuits \n○​\nBottleneck is A → B (13 circuits) \n○​\nSo, max 13 connections for D → B. \nTotal max connections from B → D and D → B = 12 + 13 = 25 connections. \n●​\nThe total sum of max possible connections from A → C and C → A = 25. \n●​\nThe total sum of max possible connections from B → D and D → B = 25. \nSince we can't have more than 25 ongoing connections at once due to circuit limitations, the final \nmaximum number of ongoing connections at any given time is 25. \nAns:25 \n \nd)Suppose that 19 connections are needed from A to C, and 16 connections are needed from B to \nD. Can we route these calls through the four links to accommodate all 35 connections? Answer Yes \nor No. \nSolution: \nThe sum of our needed connections is 35, and we have 25 available connections, so it is NOT \npossible. \n \n \n",
  "detected_scanned": false,
  "primary_mode": "pymupdf",
  "notes": "Used PyMuPDF for extraction",
  "raw_text": " \nSOME IMPORTANT FORMULAE: \n \nUtilization of sender Us=Ws/(1+2(dp/dt)) \nWs=sender window \ndp=propagation delay \ndt=transmission delay \n \nWs(max)=1+2(dp/dt) \n \n \n \nSTOP & WAIT \nGO BACK-N \nSELECTIVE REPEAT \nUTILIZATION \n1/(1+2(dp/dt)) \nN/(1+2(dp/dt)) \n(N=Ws) \nN/(1+2(dp/dt)) \n(N=Ws) \nSEQUENCE \nNUMBER(Ws+Wr) \n1(Ws)+1(Wr)=2 \nN(Ws)+1(Wr)=N+1 \nN(Ws)+N(Wr)=2N \nRETRANSMISSION \n1 \nN \n1 \n​\n \nSequence Number=Ws+Wr \nNo. of bits for sequence number=log2(Ws+Wr) \n \n \n \n \n \nQUESTIONS: \n \n1)Using stop and wait we want to send 10 packets out of which every 4th packet is lost. How \nmany total packets needs to be sent? \n \nSolution:\n \n \n \n \n \n\n \n \n \n2)If we want to send 400 packets over a channel having error probability of 0.2, then how many \ntotal packets need to be sent using stop and wait protocol to complete communication? \n \nSolution: \n \n \n3)In Go Back-3 if the 5th packet being transmitted is lost and we want to send 10 packets how \nmany transmissions are needed? \n \nSolution: \n \n \n4)Solve question 3 for selective repeat. \n \nSolution: \n \n \n \n\n5)Sender wants to achieve 60% utilization. The transmission and propagation delay are 1 msec \nand 49.5 msec respective. How many bits are needed to represent sequence numbers if the \nprotocol used is selective repeat? \n \nSolution: \n \n \n\n6)Consider the circuit-switched network shown in the figure below, with circuit switches A, B, C, and \nD. Suppose there are 13 circuits between A and B, 17 circuits between B and C, 12 circuits between \nC and D, and 13 circuits between D and A. \n \na)What is the maximum number of connections that can be ongoing in the network at any one time? \n \nSolution: \nThe maximum number of connections is the sum of all links: \n13+17+12+13=55 \n \nb)Suppose that these maximum number of connections are all ongoing. What happens when \nanother call connection request arrives to the network, will it be accepted? Answer Yes or No \n \nSolution: \nIf all connections are full, the request will be blocked: \nSo NO \n \nc)Suppose that every connection requires 2 consecutive hops, and calls are connected clockwise. \nFor example, a connection can go from A to C, from B to D, from C to A, and from D to B. With these \nconstraints, what is the maximum number of connections that can be ongoing in the network at any \none time? \n \nSolution: \n●​\nA → C (A → B → C) is limited by the smallest capacity in the path: \n\n○​\nA → B has 13 circuits \n○​\nB → C has 17 circuits \n○​\nThe bottleneck is A → B (13 circuits) \n○​\nSo, at most 13 connections can be A → C at once. \n●​\nC → A (C → D → A) is limited by: \n○​\nC → D has 12 circuits \n○​\nD → A has 13 circuits \n○​\nThe bottleneck is C → D (12 circuits) \n○​\nSo, at most 12 connections can be C → A at once. \nTotal max connections from A → C and C → A = 13 + 12 = 25 connections. \n​\nB → D (B → C → D) is limited by: \n○​\nB → C has 17 circuits \n○​\nC → D has 12 circuits \n○​\nBottleneck is C → D (12 circuits) \n○​\nSo, max 12 connections for B → D. \n●​\nD → B (D → A → B) is limited by: \n○​\nD → A has 13 circuits \n○​\nA → B has 13 circuits \n○​\nBottleneck is A → B (13 circuits) \n○​\nSo, max 13 connections for D → B. \nTotal max connections from B → D and D → B = 12 + 13 = 25 connections. \n●​\nThe total sum of max possible connections from A → C and C → A = 25. \n●​\nThe total sum of max possible connections from B → D and D → B = 25. \nSince we can't have more than 25 ongoing connections at once due to circuit limitations, the final \nmaximum number of ongoing connections at any given time is 25. \nAns:25 \n \nd)Suppose that 19 connections are needed from A to C, and 16 connections are needed from B to \nD. Can we route these calls through the four links to accommodate all 35 connections? Answer Yes \nor No. \nSolution: \nThe sum of our needed connections is 35, and we have 25 available connections, so it is NOT \npossible. \n \n \n",
  "postprocessed_text": "SOME IMPORTANT FORMULAE: Utilization of sender Us=Ws/(1+2(dp/dt)) Ws=sender window dp=propagation delay dt=transmission delay Ws(max)=1+2(dp/dt) STOP & WAIT GO BACK-N SELECTIVE REPEAT UTILIZATION 1/(1+2(dp/dt)) N/(1+2(dp/dt)) (N=Ws) N/(1+2(dp/dt)) (N=Ws) SEQUENCE NUMBER(Ws+Wr) 1(Ws)+1(Wr)=2 N(Ws)+1(Wr)=N+1 N(Ws)+N(Wr)=2N RETRANSMISSION 1 N 1 ​ Sequence Number=Ws+Wr No. of bits for sequence number=log2(Ws+Wr) QUESTIONS: 1)Using stop and wait we want to send 10 packets out of which every 4th packet is lost. How many total packets needs to be sent? Solution: 2)If we want to send 400 packets over a channel having error probability of 0.2, then how many total packets need to be sent using stop and wait protocol to complete communication? Solution: 3)In Go Back-3 if the 5th packet being transmitted is lost and we want to send 10 packets how many transmissions are needed? Solution: 4)Solve question 3 for selective repeat. Solution: 5)Sender wants to achieve 60% utilization. The transmission and propagation delay are 1 msec and 49.5 msec respective. How many bits are needed to represent sequence numbers if the protocol used is selective repeat? Solution: 6)Consider the circuit-switched network shown in the figure below, with circuit switches A, B, C, and D. Suppose there are 13 circuits between A and B, 17 circuits between B and C, 12 circuits between C and D, and 13 circuits between D and A. a)What is the maximum number of connections that can be ongoing in the network at any one time? Solution: The maximum number of connections is the sum of all links: 13+17+12+13=55 b)Suppose that these maximum number of connections are all ongoing. What happens when another call connection request arrives to the network, will it be accepted? Answer Yes or No Solution: If all connections are full, the request will be blocked: So NO c)Suppose that every connection requires 2 consecutive hops, and calls are connected clockwise. For example, a connection can go from A to C, from B to D, from C to A, and from D to B. With these constraints, what is the maximum number of connections that can be ongoing in the network at any one time? Solution: ●​ A → C (A → B → C) is limited by the smallest capacity in the path: ○​ A → B has 13 circuits ○​ B → C has 17 circuits ○​ The bottleneck is A → B (13 circuits) ○​ So, at most 13 connections can be A → C at once. ●​ C → A (C → D → A) is limited by: ○​ C → D has 12 circuits ○​ D → A has 13 circuits ○​ The bottleneck is C → D (12 circuits) ○​ So, at most 12 connections can be C → A at once. Total max connections from A → C and C → A = 13 + 12 = 25 connections. ​ B → D (B → C → D) is limited by: ○​ B → C has 17 circuits ○​ C → D has 12 circuits ○​ Bottleneck is C → D (12 circuits) ○​ So, max 12 connections for B → D. ●​ D → B (D → A → B) is limited by: ○​ D → A has 13 circuits ○​ A → B has 13 circuits ○​ Bottleneck is A → B (13 circuits) ○​ So, max 13 connections for D → B. Total max connections from B → D and D → B = 12 + 13 = 25 connections. ●​ The total sum of max possible connections from A → C and C → A = 25. ●​ The total sum of max possible connections from B → D and D → B = 25. Since we can't have more than 25 ongoing connections at once due to circuit limitations, the final maximum number of ongoing connections at any given time is 25. Ans:25 d)Suppose that 19 connections are needed from A to C, and 16 connections are needed from B to D. Can we route these calls through the four links to accommodate all 35 connections? Answer Yes or No. Solution: The sum of our needed connections is 35, and we have 25 available connections, so it is NOT possible.",
  "cleaned_text": "SOME IMPORTANT FORMULAE: Utilization of sender Us=Ws/(1+2(dp/dt)) \nWs=sender window \ndp=propagation delay \ndt=transmission delay Ws(max)=1+2(dp/dt) STOP & WAIT \nGO BACK-N \nSELECTIVE REPEAT \nUTILIZATION \n1/(1+2(dp/dt)) \nN/(1+2(dp/dt)) \n(N=Ws) \nN/(1+2(dp/dt)) \n(N=Ws) \nSEQUENCE \nNUMBER(Ws+Wr) \n1(Ws)+1(Wr)=2 \nN(Ws)+1(Wr)=N+1 \nN(Ws)+N(Wr)=2N \nRETRANSMISSION \n1 \nN \n1 Sequence Number=Ws+Wr \nNo. of bits for sequence number=log2(Ws+Wr) QUESTIONS: 1)Using stop and wait we want to send 10 packets out of which every 4th packet is lost. How \nmany total packets needs to be sent? Solution: 2)If we want to send 400 packets over a channel having error probability of 0. 2, then how many \ntotal packets need to be sent using stop and wait protocol to complete communication? Solution: 3)In Go Back-3 if the 5th packet being transmitted is lost and we want to send 10 packets how \nmany transmissions are needed? Solution: 4)Solve question 3 for selective repeat. Solution: 5)Sender wants to achieve 60% utilization. The transmission and propagation delay are 1 msec \nand 49. 5 msec respective. How many bits are needed to represent sequence numbers if the \nprotocol used is selective repeat? Solution: 6)Consider the circuit-switched network shown in the figure below, with circuit switches A, B, C, and \nD. Suppose there are 13 circuits between A and B, 17 circuits between B and C, 12 circuits between \nC and D, and 13 circuits between D and A. a)What is the maximum number of connections that can be ongoing in the network at any one time? Solution: The maximum number of connections is the sum of all links: 13+17+12+13=55 b)Suppose that these maximum number of connections are all ongoing. What happens when \nanother call connection request arrives to the network, will it be accepted? Answer Yes or No Solution: If all connections are full, the request will be blocked: So NO c)Suppose that every connection requires 2 consecutive hops, and calls are connected clockwise. For example, a connection can go from A to C, from B to D, from C to A, and from D to B. With these \nconstraints, what is the maximum number of connections that can be ongoing in the network at any \none time? Solution: A  C (A  B  C) is limited by the smallest capacity in the path: A  B has 13 circuits B  C has 17 circuits The bottleneck is A  B (13 circuits) So, at most 13 connections can be A  C at once. C  A (C  D  A) is limited by: C  D has 12 circuits D  A has 13 circuits The bottleneck is C  D (12 circuits) So, at most 12 connections can be C  A at once. Total max connections from A  C and C  A = 13 + 12 = 25 connections. B  D (B  C  D) is limited by: B  C has 17 circuits C  D has 12 circuits Bottleneck is C  D (12 circuits) So, max 12 connections for B  D. D  B (D  A  B) is limited by: D  A has 13 circuits A  B has 13 circuits Bottleneck is A  B (13 circuits) So, max 13 connections for D  B. Total max connections from B  D and D  B = 12 + 13 = 25 connections. The total sum of max possible connections from A  C and C  A = 25. The total sum of max possible connections from B  D and D  B = 25. Since we can't have more than 25 ongoing connections at once due to circuit limitations, the final \nmaximum number of ongoing connections at any given time is 25. Ans: 25 d)Suppose that 19 connections are needed from A to C, and 16 connections are needed from B to \nD. Can we route these calls through the four links to accommodate all 35 connections? Answer Yes \nor No. Solution: The sum of our needed connections is 35, and we have 25 available connections, so it is NOT \npossible."
}