{
  "text": "UML\nfor\nJava\nProgrammers\nRobert Cecil Martin\nObject Mentor Inc.\nPrentice Hall, Englewood Cliffs, New Jersey 07632\nDon’t Panic Don’t Panic Don’t Panic Don’t Panic Don’t Panic Don’t Panic Don’t Panic Don’t Panic Don’t Panic Don’t Panic Don’t Panic Don’t Panic Don’t Panic Don’t Panic Don’t Panic Don’t Panic Don’t Panic Don’t Panic Don’t Panic Don’t Panic Don’t Panic Don’t Panic Don’t Panic Don’t Panic Don’t Panic Don’t Panic Don’t Panic Don’t Panic Don’t Panic\n\nThe author and publisher of this book have used their best efforts in preparing this\nbook. These efforts include the development, research, and testing of the theories and pro-\ngrams to determine their effectiveness. The author and publisher shall not be liable in any\nevent for incidental or consequential damages in connection with, or arising out of, the\nfurnishing, performance, or use of these programs.\nAll rights reserved. No part of this book may be reproduced, in any form or by any\nmeans, without permission in writing from the publisher.\nPrinted in the United States of America\n10\n9\n8\n7\n6\n5\n4\n3\n2\n1\nISBN 0-13-203837-4\nPublisher: Alan Apt\nProduction Editor:\nCover Designer:\nCopy Editor:\n© 2002 by Prentice-Hall, Inc.\nA Simon & Schuster Company\nMartin, Robert Cecil.\nThe Principles, Practices, & Patterns of Agile Software Development\n/Robert Cecil Martin.\np. cm.\n“An Alan R. Apt Book.”\nIncludes index.\nISBNxxxxxxxxx\n\nPRENTICE-HALL INTERNATIONAL (UK) Limited, London\nPRENTICE-HALL OF AUSTRALIA PTY. LIMITED, Sydney\nPRENTICE-HALL CANADA, INC., Toronto\nPRENTICE-HALL HISPANOAMERICANA, S.A., Mexico\nPRENTICE-HALL OF INDIA PRIVATE LIMITED, New Delhi\nPRENTICE-HALL OF JAPAN, INC., Tokyo\nSIMON & SCHUSTER ASIA PTE. LTD., Singapore\nEDITORA PRENTICE-HALL DO BRASIL, LTDA., Rio de Janeiro\n\nThis book is dedicated to my grandchildren:\nXXX: the son of Micah and Angelique.\nAlexis: the daughter of Angela and Matt.\nIt has been said that grandchildren are the desert of life.\nIf that’s so, what am I supposed to do with all the many\nmain courses I’m not done with yet?\n\nSource Code and Contact Information:\nMuch of the source code presented in this book can be obtained from the\nObject Mentor Inc. web site. www.objectmentor.com/UMLFJP\nRobert C. Martin: unclebob@objectmentor.com\nObject Mentor Inc.: info@objectmentor.com\nwww.objectmentor.com\n",
  "detected_scanned": false,
  "primary_mode": "pymupdf",
  "notes": "Used PyMuPDF for extraction",
  "raw_text": "UML\nfor\nJava\nProgrammers\nRobert Cecil Martin\nObject Mentor Inc.\nPrentice Hall, Englewood Cliffs, New Jersey 07632\nDon’t Panic Don’t Panic Don’t Panic Don’t Panic Don’t Panic Don’t Panic Don’t Panic Don’t Panic Don’t Panic Don’t Panic Don’t Panic Don’t Panic Don’t Panic Don’t Panic Don’t Panic Don’t Panic Don’t Panic Don’t Panic Don’t Panic Don’t Panic Don’t Panic Don’t Panic Don’t Panic Don’t Panic Don’t Panic Don’t Panic Don’t Panic Don’t Panic Don’t Panic\n\nThe author and publisher of this book have used their best efforts in preparing this\nbook. These efforts include the development, research, and testing of the theories and pro-\ngrams to determine their effectiveness. The author and publisher shall not be liable in any\nevent for incidental or consequential damages in connection with, or arising out of, the\nfurnishing, performance, or use of these programs.\nAll rights reserved. No part of this book may be reproduced, in any form or by any\nmeans, without permission in writing from the publisher.\nPrinted in the United States of America\n10\n9\n8\n7\n6\n5\n4\n3\n2\n1\nISBN 0-13-203837-4\nPublisher: Alan Apt\nProduction Editor:\nCover Designer:\nCopy Editor:\n© 2002 by Prentice-Hall, Inc.\nA Simon & Schuster Company\nMartin, Robert Cecil.\nThe Principles, Practices, & Patterns of Agile Software Development\n/Robert Cecil Martin.\np. cm.\n“An Alan R. Apt Book.”\nIncludes index.\nISBNxxxxxxxxx\n\nPRENTICE-HALL INTERNATIONAL (UK) Limited, London\nPRENTICE-HALL OF AUSTRALIA PTY. LIMITED, Sydney\nPRENTICE-HALL CANADA, INC., Toronto\nPRENTICE-HALL HISPANOAMERICANA, S.A., Mexico\nPRENTICE-HALL OF INDIA PRIVATE LIMITED, New Delhi\nPRENTICE-HALL OF JAPAN, INC., Tokyo\nSIMON & SCHUSTER ASIA PTE. LTD., Singapore\nEDITORA PRENTICE-HALL DO BRASIL, LTDA., Rio de Janeiro\n\nThis book is dedicated to my grandchildren:\nXXX: the son of Micah and Angelique.\nAlexis: the daughter of Angela and Matt.\nIt has been said that grandchildren are the desert of life.\nIf that’s so, what am I supposed to do with all the many\nmain courses I’m not done with yet?\n\nSource Code and Contact Information:\nMuch of the source code presented in this book can be obtained from the\nObject Mentor Inc. web site. www.objectmentor.com/UMLFJP\nRobert C. Martin: unclebob@objectmentor.com\nObject Mentor Inc.: info@objectmentor.com\nwww.objectmentor.com\n",
  "postprocessed_text": "UML for Java Programmers Robert Cecil Martin Object Mentor Inc. Prentice Hall, Englewood Cliffs, New Jersey 07632 Don’t Panic Don’t Panic Don’t Panic Don’t Panic Don’t Panic Don’t Panic Don’t Panic Don’t Panic Don’t Panic Don’t Panic Don’t Panic Don’t Panic Don’t Panic Don’t Panic Don’t Panic Don’t Panic Don’t Panic Don’t Panic Don’t Panic Don’t Panic Don’t Panic Don’t Panic Don’t Panic Don’t Panic Don’t Panic Don’t Panic Don’t Panic Don’t Panic Don’t Panic The author and publisher of this book have used their best efforts in preparing this book. These efforts include the development, research, and testing of the theories and pro- grams to determine their effectiveness. The author and publisher shall not be liable in any event for incidental or consequential damages in connection with, or arising out of, the furnishing, performance, or use of these programs. All rights reserved. No part of this book may be reproduced, in any form or by any means, without permission in writing from the publisher. Printed in the United States of America 10 9 8 7 6 5 4 3 2 1 ISBN 0-13-203837-4 Publisher: Alan Apt Production Editor: Cover Designer: Copy Editor: © 2002 by Prentice-Hall, Inc. A Simon & Schuster Company Martin, Robert Cecil. The Principles, Practices, & Patterns of Agile Software Development /Robert Cecil Martin. p. cm. “An Alan R. Apt Book.” Includes index. ISBNxxxxxxxxx PRENTICE-HALL INTERNATIONAL (UK) Limited, London PRENTICE-HALL OF AUSTRALIA PTY. LIMITED, Sydney PRENTICE-HALL CANADA, INC., Toronto PRENTICE-HALL HISPANOAMERICANA, S.A., Mexico PRENTICE-HALL OF INDIA PRIVATE LIMITED, New Delhi PRENTICE-HALL OF JAPAN, INC., Tokyo SIMON & SCHUSTER ASIA PTE. LTD., Singapore EDITORA PRENTICE-HALL DO BRASIL, LTDA., Rio de Janeiro This book is dedicated to my grandchildren: XXX: the son of Micah and Angelique. Alexis: the daughter of Angela and Matt. It has been said that grandchildren are the desert of life. If that’s so, what am I supposed to do with all the many main courses I’m not done with yet? Source Code and Contact Information: Much of the source code presented in this book can be obtained from the Object Mentor Inc. web site. www.objectmentor.com/UMLFJP Robert C. Martin: unclebob@objectmentor.com Object Mentor Inc.: info@objectmentor.com www.objectmentor.com",
  "cleaned_text": "UML\nfor\nJava\nProgrammers\nRobert Cecil Martin\nObject Mentor Inc. Prentice Hall, Englewood Cliffs, New Jersey 07632\nDont Panic Dont Panic Dont Panic Dont Panic Dont Panic Dont Panic Dont Panic Dont Panic Dont Panic Dont Panic Dont Panic Dont Panic Dont Panic Dont Panic Dont Panic Dont Panic Dont Panic Dont Panic Dont Panic Dont Panic Dont Panic Dont Panic Dont Panic Dont Panic Dont Panic Dont Panic Dont Panic Dont Panic Dont Panic\nThe author and publisher of this book have used their best efforts in preparing this\nbook. These efforts include the development, research, and testing of the theories and programs to determine their effectiveness. The author and publisher shall not be liable in any\nevent for incidental or consequential damages in connection with, or arising out of, the\nfurnishing, performance, or use of these programs. All rights reserved. No part of this book may be reproduced, in any form or by any\nmeans, without permission in writing from the publisher. Printed in the United States of America\n10\n9\n8\n7\n6\n5\n4\n3\n2\n1\nISBN 0-13-203837-4\nPublisher: Alan Apt\nProduction Editor: Cover Designer: Copy Editor: 2002 by Prentice-Hall, Inc. A Simon & Schuster Company\nMartin, Robert Cecil. The Principles, Practices, & Patterns of Agile Software Development\n/Robert Cecil Martin. p. cm. An Alan R. Apt Book. Includes index. ISBNxxxxxxxxx\nPRENTICE-HALL INTERNATIONAL (UK) Limited, London\nPRENTICE-HALL OF AUSTRALIA PTY. LIMITED, Sydney\nPRENTICE-HALL CANADA, INC. , Toronto\nPRENTICE-HALL HISPANOAMERICANA, S. A. , Mexico\nPRENTICE-HALL OF INDIA PRIVATE LIMITED, New Delhi\nPRENTICE-HALL OF JAPAN, INC. , Tokyo\nSIMON & SCHUSTER ASIA PTE. LTD. , Singapore\nEDITORA PRENTICE-HALL DO BRASIL, LTDA. , Rio de Janeiro\nThis book is dedicated to my grandchildren: XXX: the son of Micah and Angelique. Alexis: the daughter of Angela and Matt. It has been said that grandchildren are the desert of life. If thats so, what am I supposed to do with all the many\nmain courses Im not done with yet? Source Code and Contact Information: Much of the source code presented in this book can be obtained from the\nObject Mentor Inc. web site. www. objectmentor. com/UMLFJP\nRobert C. Martin: unclebob@objectmentor. com\nObject Mentor Inc. : info@objectmentor. com\nwww. objectmentor. com"
}